text_id,replicate,condition,fact_id,clean_clip_id,noisy_clip_id,clean_audio_path,audio_path,reference_text,transcript,conflict,basis,resolved_audio_path,resolved_clean_audio_path,audio_available,clean_audio_available
critical_03,1,speech_1_-5dB,name,critical_03_baseline_r1_clean,critical_03_baseline_r1_speech_1_-5dB,/content/drive/MyDrive/DataForge/noise_grid_v2/outputs/05eca3e90a16aae6/clips/critical_03_baseline_r1_clean.wav,/content/drive/MyDrive/DataForge/noise_grid_v2/outputs/05eca3e90a16aae6/clips/critical_03_baseline_r1_speech_1_-5dB.wav,"Nora Chen, your Friday appointment is at two forty five p m, your payment of seventy five dollars is due by July ninth, and your reference code is three nine two six. Do not cancel the booking.","North side, the Friday appointment is at 2.45pm The delivery of the shop is at $75 and will be by July 9th The emergency load is 3923 Do not cancel the booking",False,wer: repeatable deterioration (0 to -5 dB); fact_recovery: repeatable deterioration (0 to -5 dB),/content/drive/MyDrive/DataForge/noise_grid_v2/outputs/05eca3e90a16aae6/clips/critical_03_baseline_r1_speech_1_-5dB.wav,/content/drive/MyDrive/DataForge/noise_grid_v2/outputs/05eca3e90a16aae6/clips/critical_03_baseline_r1_clean.wav,True,True
critical_03,1,speech_2_-5dB,name,critical_03_baseline_r1_clean,critical_03_baseline_r1_speech_2_-5dB,/content/drive/MyDrive/DataForge/noise_grid_v2/outputs/05eca3e90a16aae6/clips/critical_03_baseline_r1_clean.wav,/content/drive/MyDrive/DataForge/noise_grid_v2/outputs/05eca3e90a16aae6/clips/critical_03_baseline_r1_speech_2_-5dB.wav,"Nora Chen, your Friday appointment is at two forty five p m, your payment of seventy five dollars is due by July ninth, and your reference code is three nine two six. Do not cancel the booking.","a machine that flies by the Times Dispatch, Richmond, Virginia, for the 1903 collection. This is a Little Box recording.",False,wer: repeatable deterioration (0 to -5 dB); fact_recovery: repeatable deterioration (0 to -5 dB),/content/drive/MyDrive/DataForge/noise_grid_v2/outputs/05eca3e90a16aae6/clips/critical_03_baseline_r1_speech_2_-5dB.wav,/content/drive/MyDrive/DataForge/noise_grid_v2/outputs/05eca3e90a16aae6/clips/critical_03_baseline_r1_clean.wav,True,True
critical_03,1,speech_2_-5dB,day,critical_03_baseline_r1_clean,critical_03_baseline_r1_speech_2_-5dB,/content/drive/MyDrive/DataForge/noise_grid_v2/outputs/05eca3e90a16aae6/clips/critical_03_baseline_r1_clean.wav,/content/drive/MyDrive/DataForge/noise_grid_v2/outputs/05eca3e90a16aae6/clips/critical_03_baseline_r1_speech_2_-5dB.wav,"Nora Chen, your Friday appointment is at two forty five p m, your payment of seventy five dollars is due by July ninth, and your reference code is three nine two six. Do not cancel the booking.","a machine that flies by the Times Dispatch, Richmond, Virginia, for the 1903 collection. This is a Little Box recording.",False,wer: repeatable deterioration (0 to -5 dB); fact_recovery: repeatable deterioration (0 to -5 dB),/content/drive/MyDrive/DataForge/noise_grid_v2/outputs/05eca3e90a16aae6/clips/critical_03_baseline_r1_speech_2_-5dB.wav,/content/drive/MyDrive/DataForge/noise_grid_v2/outputs/05eca3e90a16aae6/clips/critical_03_baseline_r1_clean.wav,True,True
critical_03,1,speech_2_-5dB,time,critical_03_baseline_r1_clean,critical_03_baseline_r1_speech_2_-5dB,/content/drive/MyDrive/DataForge/noise_grid_v2/outputs/05eca3e90a16aae6/clips/critical_03_baseline_r1_clean.wav,/content/drive/MyDrive/DataForge/noise_grid_v2/outputs/05eca3e90a16aae6/clips/critical_03_baseline_r1_speech_2_-5dB.wav,"Nora Chen, your Friday appointment is at two forty five p m, your payment of seventy five dollars is due by July ninth, and your reference code is three nine two six. Do not cancel the booking.","a machine that flies by the Times Dispatch, Richmond, Virginia, for the 1903 collection. This is a Little Box recording.",False,wer: repeatable deterioration (0 to -5 dB); fact_recovery: repeatable deterioration (0 to -5 dB),/content/drive/MyDrive/DataForge/noise_grid_v2/outputs/05eca3e90a16aae6/clips/critical_03_baseline_r1_speech_2_-5dB.wav,/content/drive/MyDrive/DataForge/noise_grid_v2/outputs/05eca3e90a16aae6/clips/critical_03_baseline_r1_clean.wav,True,True
critical_03,1,speech_2_-5dB,date,critical_03_baseline_r1_clean,critical_03_baseline_r1_speech_2_-5dB,/content/drive/MyDrive/DataForge/noise_grid_v2/outputs/05eca3e90a16aae6/clips/critical_03_baseline_r1_clean.wav,/content/drive/MyDrive/DataForge/noise_grid_v2/outputs/05eca3e90a16aae6/clips/critical_03_baseline_r1_speech_2_-5dB.wav,"Nora Chen, your Friday appointment is at two forty five p m, your payment of seventy five dollars is due by July ninth, and your reference code is three nine two six. Do not cancel the booking.","a machine that flies by the Times Dispatch, Richmond, Virginia, for the 1903 collection. This is a Little Box recording.",False,wer: repeatable deterioration (0 to -5 dB); fact_recovery: repeatable deterioration (0 to -5 dB),/content/drive/MyDrive/DataForge/noise_grid_v2/outputs/05eca3e90a16aae6/clips/critical_03_baseline_r1_speech_2_-5dB.wav,/content/drive/MyDrive/DataForge/noise_grid_v2/outputs/05eca3e90a16aae6/clips/critical_03_baseline_r1_clean.wav,True,True
critical_03,1,speech_2_-5dB,amount,critical_03_baseline_r1_clean,critical_03_baseline_r1_speech_2_-5dB,/content/drive/MyDrive/DataForge/noise_grid_v2/outputs/05eca3e90a16aae6/clips/critical_03_baseline_r1_clean.wav,/content/drive/MyDrive/DataForge/noise_grid_v2/outputs/05eca3e90a16aae6/clips/critical_03_baseline_r1_speech_2_-5dB.wav,"Nora Chen, your Friday appointment is at two forty five p m, your payment of seventy five dollars is due by July ninth, and your reference code is three nine two six. Do not cancel the booking.","a machine that flies by the Times Dispatch, Richmond, Virginia, for the 1903 collection. This is a Little Box recording.",False,wer: repeatable deterioration (0 to -5 dB); fact_recovery: repeatable deterioration (0 to -5 dB),/content/drive/MyDrive/DataForge/noise_grid_v2/outputs/05eca3e90a16aae6/clips/critical_03_baseline_r1_speech_2_-5dB.wav,/content/drive/MyDrive/DataForge/noise_grid_v2/outputs/05eca3e90a16aae6/clips/critical_03_baseline_r1_clean.wav,True,True
critical_03,1,speech_2_-5dB,code,critical_03_baseline_r1_clean,critical_03_baseline_r1_speech_2_-5dB,/content/drive/MyDrive/DataForge/noise_grid_v2/outputs/05eca3e90a16aae6/clips/critical_03_baseline_r1_clean.wav,/content/drive/MyDrive/DataForge/noise_grid_v2/outputs/05eca3e90a16aae6/clips/critical_03_baseline_r1_speech_2_-5dB.wav,"Nora Chen, your Friday appointment is at two forty five p m, your payment of seventy five dollars is due by July ninth, and your reference code is three nine two six. Do not cancel the booking.","a machine that flies by the Times Dispatch, Richmond, Virginia, for the 1903 collection. This is a Little Box recording.",False,wer: repeatable deterioration (0 to -5 dB); fact_recovery: repeatable deterioration (0 to -5 dB),/content/drive/MyDrive/DataForge/noise_grid_v2/outputs/05eca3e90a16aae6/clips/critical_03_baseline_r1_speech_2_-5dB.wav,/content/drive/MyDrive/DataForge/noise_grid_v2/outputs/05eca3e90a16aae6/clips/critical_03_baseline_r1_clean.wav,True,True
critical_03,1,speech_2_-5dB,negation,critical_03_baseline_r1_clean,critical_03_baseline_r1_speech_2_-5dB,/content/drive/MyDrive/DataForge/noise_grid_v2/outputs/05eca3e90a16aae6/clips/critical_03_baseline_r1_clean.wav,/content/drive/MyDrive/DataForge/noise_grid_v2/outputs/05eca3e90a16aae6/clips/critical_03_baseline_r1_speech_2_-5dB.wav,"Nora Chen, your Friday appointment is at two forty five p m, your payment of seventy five dollars is due by July ninth, and your reference code is three nine two six. Do not cancel the booking.","a machine that flies by the Times Dispatch, Richmond, Virginia, for the 1903 collection. This is a Little Box recording.",False,wer: repeatable deterioration (0 to -5 dB); fact_recovery: repeatable deterioration (0 to -5 dB),/content/drive/MyDrive/DataForge/noise_grid_v2/outputs/05eca3e90a16aae6/clips/critical_03_baseline_r1_speech_2_-5dB.wav,/content/drive/MyDrive/DataForge/noise_grid_v2/outputs/05eca3e90a16aae6/clips/critical_03_baseline_r1_clean.wav,True,True
critical_05,1,speech_2_-5dB,day,critical_05_baseline_r1_clean,critical_05_baseline_r1_speech_2_-5dB,/content/drive/MyDrive/DataForge/noise_grid_v2/outputs/05eca3e90a16aae6/clips/critical_05_baseline_r1_clean.wav,/content/drive/MyDrive/DataForge/noise_grid_v2/outputs/05eca3e90a16aae6/clips/critical_05_baseline_r1_speech_2_-5dB.wav,"Sara Khan, your Thursday appointment is at four ten p m, your payment of ninety dollars is due by September third, and your reference code is six two seven five. Do not change the date.","A machine that flies by the Times Dispatch, Richmond, Virginia, for the 1903 collection.",False,wer: repeatable deterioration (0 to -5 dB); fact_recovery: repeatable deterioration (0 to -5 dB),/content/drive/MyDrive/DataForge/noise_grid_v2/outputs/05eca3e90a16aae6/clips/critical_05_baseline_r1_speech_2_-5dB.wav,/content/drive/MyDrive/DataForge/noise_grid_v2/outputs/05eca3e90a16aae6/clips/critical_05_baseline_r1_clean.wav,True,True
critical_05,1,speech_2_-5dB,date,critical_05_baseline_r1_clean,critical_05_baseline_r1_speech_2_-5dB,/content/drive/MyDrive/DataForge/noise_grid_v2/outputs/05eca3e90a16aae6/clips/critical_05_baseline_r1_clean.wav,/content/drive/MyDrive/DataForge/noise_grid_v2/outputs/05eca3e90a16aae6/clips/critical_05_baseline_r1_speech_2_-5dB.wav,"Sara Khan, your Thursday appointment is at four ten p m, your payment of ninety dollars is due by September third, and your reference code is six two seven five. Do not change the date.","A machine that flies by the Times Dispatch, Richmond, Virginia, for the 1903 collection.",False,wer: repeatable deterioration (0 to -5 dB); fact_recovery: repeatable deterioration (0 to -5 dB),/content/drive/MyDrive/DataForge/noise_grid_v2/outputs/05eca3e90a16aae6/clips/critical_05_baseline_r1_speech_2_-5dB.wav,/content/drive/MyDrive/DataForge/noise_grid_v2/outputs/05eca3e90a16aae6/clips/critical_05_baseline_r1_clean.wav,True,True
critical_05,1,speech_2_-5dB,amount,critical_05_baseline_r1_clean,critical_05_baseline_r1_speech_2_-5dB,/content/drive/MyDrive/DataForge/noise_grid_v2/outputs/05eca3e90a16aae6/clips/critical_05_baseline_r1_clean.wav,/content/drive/MyDrive/DataForge/noise_grid_v2/outputs/05eca3e90a16aae6/clips/critical_05_baseline_r1_speech_2_-5dB.wav,"Sara Khan, your Thursday appointment is at four ten p m, your payment of ninety dollars is due by September third, and your reference code is six two seven five. Do not change the date.","A machine that flies by the Times Dispatch, Richmond, Virginia, for the 1903 collection.",False,wer: repeatable deterioration (0 to -5 dB); fact_recovery: repeatable deterioration (0 to -5 dB),/content/drive/MyDrive/DataForge/noise_grid_v2/outputs/05eca3e90a16aae6/clips/critical_05_baseline_r1_speech_2_-5dB.wav,/content/drive/MyDrive/DataForge/noise_grid_v2/outputs/05eca3e90a16aae6/clips/critical_05_baseline_r1_clean.wav,True,True
critical_05,1,speech_2_-5dB,code,critical_05_baseline_r1_clean,critical_05_baseline_r1_speech_2_-5dB,/content/drive/MyDrive/DataForge/noise_grid_v2/outputs/05eca3e90a16aae6/clips/critical_05_baseline_r1_clean.wav,/content/drive/MyDrive/DataForge/noise_grid_v2/outputs/05eca3e90a16aae6/clips/critical_05_baseline_r1_speech_2_-5dB.wav,"Sara Khan, your Thursday appointment is at four ten p m, your payment of ninety dollars is due by September third, and your reference code is six two seven five. Do not change the date.","A machine that flies by the Times Dispatch, Richmond, Virginia, for the 1903 collection.",False,wer: repeatable deterioration (0 to -5 dB); fact_recovery: repeatable deterioration (0 to -5 dB),/content/drive/MyDrive/DataForge/noise_grid_v2/outputs/05eca3e90a16aae6/clips/critical_05_baseline_r1_speech_2_-5dB.wav,/content/drive/MyDrive/DataForge/noise_grid_v2/outputs/05eca3e90a16aae6/clips/critical_05_baseline_r1_clean.wav,True,True
critical_05,1,speech_2_-5dB,negation,critical_05_baseline_r1_clean,critical_05_baseline_r1_speech_2_-5dB,/content/drive/MyDrive/DataForge/noise_grid_v2/outputs/05eca3e90a16aae6/clips/critical_05_baseline_r1_clean.wav,/content/drive/MyDrive/DataForge/noise_grid_v2/outputs/05eca3e90a16aae6/clips/critical_05_baseline_r1_speech_2_-5dB.wav,"Sara Khan, your Thursday appointment is at four ten p m, your payment of ninety dollars is due by September third, and your reference code is six two seven five. Do not change the date.","A machine that flies by the Times Dispatch, Richmond, Virginia, for the 1903 collection.",False,wer: repeatable deterioration (0 to -5 dB); fact_recovery: repeatable deterioration (0 to -5 dB),/content/drive/MyDrive/DataForge/noise_grid_v2/outputs/05eca3e90a16aae6/clips/critical_05_baseline_r1_speech_2_-5dB.wav,/content/drive/MyDrive/DataForge/noise_grid_v2/outputs/05eca3e90a16aae6/clips/critical_05_baseline_r1_clean.wav,True,True
critical_01,1,speech_1_-5dB,name,critical_01_baseline_r1_clean,critical_01_baseline_r1_speech_1_-5dB,/content/drive/MyDrive/DataForge/noise_grid_v2/outputs/05eca3e90a16aae6/clips/critical_01_baseline_r1_clean.wav,/content/drive/MyDrive/DataForge/noise_grid_v2/outputs/05eca3e90a16aae6/clips/critical_01_baseline_r1_speech_1_-5dB.wav,"Mira Patel, your Tuesday appointment is at three thirty p m, your payment of forty five dollars is due by May fourteenth, and your reference code is seven two nine four. Do not cancel the appointment.","Your Tuesday appointment is at 3.30 p.m. You need it at $45 to do by May 14, and your reference code is at the 2.4. Do not cancel the appointment.",False,wer: repeatable deterioration (0 to -5 dB); fact_recovery: repeatable deterioration (0 to -5 dB),/content/drive/MyDrive/DataForge/noise_grid_v2/outputs/05eca3e90a16aae6/clips/critical_01_baseline_r1_speech_1_-5dB.wav,/content/drive/MyDrive/DataForge/noise_grid_v2/outputs/05eca3e90a16aae6/clips/critical_01_baseline_r1_clean.wav,True,True
critical_01,1,speech_1_-5dB,code,critical_01_baseline_r1_clean,critical_01_baseline_r1_speech_1_-5dB,/content/drive/MyDrive/DataForge/noise_grid_v2/outputs/05eca3e90a16aae6/clips/critical_01_baseline_r1_clean.wav,/content/drive/MyDrive/DataForge/noise_grid_v2/outputs/05eca3e90a16aae6/clips/critical_01_baseline_r1_speech_1_-5dB.wav,"Mira Patel, your Tuesday appointment is at three thirty p m, your payment of forty five dollars is due by May fourteenth, and your reference code is seven two nine four. Do not cancel the appointment.","Your Tuesday appointment is at 3.30 p.m. You need it at $45 to do by May 14, and your reference code is at the 2.4. Do not cancel the appointment.",False,wer: repeatable deterioration (0 to -5 dB); fact_recovery: repeatable deterioration (0 to -5 dB),/content/drive/MyDrive/DataForge/noise_grid_v2/outputs/05eca3e90a16aae6/clips/critical_01_baseline_r1_speech_1_-5dB.wav,/content/drive/MyDrive/DataForge/noise_grid_v2/outputs/05eca3e90a16aae6/clips/critical_01_baseline_r1_clean.wav,True,True
critical_01,1,speech_2_0dB,day,critical_01_baseline_r1_clean,critical_01_baseline_r1_speech_2_0dB,/content/drive/MyDrive/DataForge/noise_grid_v2/outputs/05eca3e90a16aae6/clips/critical_01_baseline_r1_clean.wav,/content/drive/MyDrive/DataForge/noise_grid_v2/outputs/05eca3e90a16aae6/clips/critical_01_baseline_r1_speech_2_0dB.wav,"Mira Patel, your Tuesday appointment is at three thirty p m, your payment of forty five dollars is due by May fourteenth, and your reference code is seven two nine four. Do not cancel the appointment.","Mira Patel, your campaign appointment is at 3.30 pm. Your payment of $45 is due by May 14, and your reference code is 7294. Do not cancel the appointment.",False,wer: repeatable deterioration (5 to 0 dB),/content/drive/MyDrive/DataForge/noise_grid_v2/outputs/05eca3e90a16aae6/clips/critical_01_baseline_r1_speech_2_0dB.wav,/content/drive/MyDrive/DataForge/noise_grid_v2/outputs/05eca3e90a16aae6/clips/critical_01_baseline_r1_clean.wav,True,True
critical_01,1,speech_2_-5dB,day,critical_01_baseline_r1_clean,critical_01_baseline_r1_speech_2_-5dB,/content/drive/MyDrive/DataForge/noise_grid_v2/outputs/05eca3e90a16aae6/clips/critical_01_baseline_r1_clean.wav,/content/drive/MyDrive/DataForge/noise_grid_v2/outputs/05eca3e90a16aae6/clips/critical_01_baseline_r1_speech_2_-5dB.wav,"Mira Patel, your Tuesday appointment is at three thirty p m, your payment of forty five dollars is due by May fourteenth, and your reference code is seven two nine four. Do not cancel the appointment.",Mira Patel a machine that flies at 3 30 p.m. By the Times dispatch Richmond Virginia for the 1903 collection and your reference code is 7294. This is a liberal box recording all liberal,False,wer: repeatable deterioration (0 to -5 dB); fact_recovery: repeatable deterioration (0 to -5 dB),/content/drive/MyDrive/DataForge/noise_grid_v2/outputs/05eca3e90a16aae6/clips/critical_01_baseline_r1_speech_2_-5dB.wav,/content/drive/MyDrive/DataForge/noise_grid_v2/outputs/05eca3e90a16aae6/clips/critical_01_baseline_r1_clean.wav,True,True
critical_01,1,speech_2_-5dB,date,critical_01_baseline_r1_clean,critical_01_baseline_r1_speech_2_-5dB,/content/drive/MyDrive/DataForge/noise_grid_v2/outputs/05eca3e90a16aae6/clips/critical_01_baseline_r1_clean.wav,/content/drive/MyDrive/DataForge/noise_grid_v2/outputs/05eca3e90a16aae6/clips/critical_01_baseline_r1_speech_2_-5dB.wav,"Mira Patel, your Tuesday appointment is at three thirty p m, your payment of forty five dollars is due by May fourteenth, and your reference code is seven two nine four. Do not cancel the appointment.",Mira Patel a machine that flies at 3 30 p.m. By the Times dispatch Richmond Virginia for the 1903 collection and your reference code is 7294. This is a liberal box recording all liberal,False,wer: repeatable deterioration (0 to -5 dB); fact_recovery: repeatable deterioration (0 to -5 dB),/content/drive/MyDrive/DataForge/noise_grid_v2/outputs/05eca3e90a16aae6/clips/critical_01_baseline_r1_speech_2_-5dB.wav,/content/drive/MyDrive/DataForge/noise_grid_v2/outputs/05eca3e90a16aae6/clips/critical_01_baseline_r1_clean.wav,True,True
critical_01,1,speech_2_-5dB,amount,critical_01_baseline_r1_clean,critical_01_baseline_r1_speech_2_-5dB,/content/drive/MyDrive/DataForge/noise_grid_v2/outputs/05eca3e90a16aae6/clips/critical_01_baseline_r1_clean.wav,/content/drive/MyDrive/DataForge/noise_grid_v2/outputs/05eca3e90a16aae6/clips/critical_01_baseline_r1_speech_2_-5dB.wav,"Mira Patel, your Tuesday appointment is at three thirty p m, your payment of forty five dollars is due by May fourteenth, and your reference code is seven two nine four. Do not cancel the appointment.",Mira Patel a machine that flies at 3 30 p.m. By the Times dispatch Richmond Virginia for the 1903 collection and your reference code is 7294. This is a liberal box recording all liberal,False,wer: repeatable deterioration (0 to -5 dB); fact_recovery: repeatable deterioration (0 to -5 dB),/content/drive/MyDrive/DataForge/noise_grid_v2/outputs/05eca3e90a16aae6/clips/critical_01_baseline_r1_speech_2_-5dB.wav,/content/drive/MyDrive/DataForge/noise_grid_v2/outputs/05eca3e90a16aae6/clips/critical_01_baseline_r1_clean.wav,True,True
critical_01,1,speech_2_-5dB,negation,critical_01_baseline_r1_clean,critical_01_baseline_r1_speech_2_-5dB,/content/drive/MyDrive/DataForge/noise_grid_v2/outputs/05eca3e90a16aae6/clips/critical_01_baseline_r1_clean.wav,/content/drive/MyDrive/DataForge/noise_grid_v2/outputs/05eca3e90a16aae6/clips/critical_01_baseline_r1_speech_2_-5dB.wav,"Mira Patel, your Tuesday appointment is at three thirty p m, your payment of forty five dollars is due by May fourteenth, and your reference code is seven two nine four. Do not cancel the appointment.",Mira Patel a machine that flies at 3 30 p.m. By the Times dispatch Richmond Virginia for the 1903 collection and your reference code is 7294. This is a liberal box recording all liberal,False,wer: repeatable deterioration (0 to -5 dB); fact_recovery: repeatable deterioration (0 to -5 dB),/content/drive/MyDrive/DataForge/noise_grid_v2/outputs/05eca3e90a16aae6/clips/critical_01_baseline_r1_speech_2_-5dB.wav,/content/drive/MyDrive/DataForge/noise_grid_v2/outputs/05eca3e90a16aae6/clips/critical_01_baseline_r1_clean.wav,True,True
critical_07,0,speech_2_0dB,day,critical_07_baseline_r0_clean,critical_07_baseline_r0_speech_2_0dB,/content/drive/MyDrive/DataForge/noise_grid_v2/outputs/05eca3e90a16aae6/clips/critical_07_baseline_r0_clean.wav,/content/drive/MyDrive/DataForge/noise_grid_v2/outputs/05eca3e90a16aae6/clips/critical_07_baseline_r0_speech_2_0dB.wav,"Priya Sen, your Tuesday appointment is at one twenty five p m, your payment of eighty dollars is due by November fifth, and your reference code is two eight four seven. Do not share the address.",pre ascend a machine that flies at 125 p.m by the time dispatch for the 1903 collection and your reference code is 2847 this is a liverbox recording,False,wer: repeatable deterioration (5 to 0 dB),/content/drive/MyDrive/DataForge/noise_grid_v2/outputs/05eca3e90a16aae6/clips/critical_07_baseline_r0_speech_2_0dB.wav,/content/drive/MyDrive/DataForge/noise_grid_v2/outputs/05eca3e90a16aae6/clips/critical_07_baseline_r0_clean.wav,True,True
critical_07,0,speech_2_-5dB,day,critical_07_baseline_r0_clean,critical_07_baseline_r0_speech_2_-5dB,/content/drive/MyDrive/DataForge/noise_grid_v2/outputs/05eca3e90a16aae6/clips/critical_07_baseline_r0_clean.wav,/content/drive/MyDrive/DataForge/noise_grid_v2/outputs/05eca3e90a16aae6/clips/critical_07_baseline_r0_speech_2_-5dB.wav,"Priya Sen, your Tuesday appointment is at one twenty five p m, your payment of eighty dollars is due by November fifth, and your reference code is two eight four seven. Do not share the address.",pre ascend a machine that flies at 125 by the times dispatch for the 1903 collection code is two eight four seven this is a little box recording,False,wer: repeatable deterioration (0 to -5 dB); fact_recovery: repeatable deterioration (0 to -5 dB),/content/drive/MyDrive/DataForge/noise_grid_v2/outputs/05eca3e90a16aae6/clips/critical_07_baseline_r0_speech_2_-5dB.wav,/content/drive/MyDrive/DataForge/noise_grid_v2/outputs/05eca3e90a16aae6/clips/critical_07_baseline_r0_clean.wav,True,True
critical_07,0,speech_2_-5dB,time,critical_07_baseline_r0_clean,critical_07_baseline_r0_speech_2_-5dB,/content/drive/MyDrive/DataForge/noise_grid_v2/outputs/05eca3e90a16aae6/clips/critical_07_baseline_r0_clean.wav,/content/drive/MyDrive/DataForge/noise_grid_v2/outputs/05eca3e90a16aae6/clips/critical_07_baseline_r0_speech_2_-5dB.wav,"Priya Sen, your Tuesday appointment is at one twenty five p m, your payment of eighty dollars is due by November fifth, and your reference code is two eight four seven. Do not share the address.",pre ascend a machine that flies at 125 by the times dispatch for the 1903 collection code is two eight four seven this is a little box recording,False,wer: repeatable deterioration (0 to -5 dB); fact_recovery: repeatable deterioration (0 to -5 dB),/content/drive/MyDrive/DataForge/noise_grid_v2/outputs/05eca3e90a16aae6/clips/critical_07_baseline_r0_speech_2_-5dB.wav,/content/drive/MyDrive/DataForge/noise_grid_v2/outputs/05eca3e90a16aae6/clips/critical_07_baseline_r0_clean.wav,True,True
critical_07,0,speech_2_-5dB,date,critical_07_baseline_r0_clean,critical_07_baseline_r0_speech_2_-5dB,/content/drive/MyDrive/DataForge/noise_grid_v2/outputs/05eca3e90a16aae6/clips/critical_07_baseline_r0_clean.wav,/content/drive/MyDrive/DataForge/noise_grid_v2/outputs/05eca3e90a16aae6/clips/critical_07_baseline_r0_speech_2_-5dB.wav,"Priya Sen, your Tuesday appointment is at one twenty five p m, your payment of eighty dollars is due by November fifth, and your reference code is two eight four seven. Do not share the address.",pre ascend a machine that flies at 125 by the times dispatch for the 1903 collection code is two eight four seven this is a little box recording,False,wer: repeatable deterioration (0 to -5 dB); fact_recovery: repeatable deterioration (0 to -5 dB),/content/drive/MyDrive/DataForge/noise_grid_v2/outputs/05eca3e90a16aae6/clips/critical_07_baseline_r0_speech_2_-5dB.wav,/content/drive/MyDrive/DataForge/noise_grid_v2/outputs/05eca3e90a16aae6/clips/critical_07_baseline_r0_clean.wav,True,True
critical_07,0,speech_2_-5dB,amount,critical_07_baseline_r0_clean,critical_07_baseline_r0_speech_2_-5dB,/content/drive/MyDrive/DataForge/noise_grid_v2/outputs/05eca3e90a16aae6/clips/critical_07_baseline_r0_clean.wav,/content/drive/MyDrive/DataForge/noise_grid_v2/outputs/05eca3e90a16aae6/clips/critical_07_baseline_r0_speech_2_-5dB.wav,"Priya Sen, your Tuesday appointment is at one twenty five p m, your payment of eighty dollars is due by November fifth, and your reference code is two eight four seven. Do not share the address.",pre ascend a machine that flies at 125 by the times dispatch for the 1903 collection code is two eight four seven this is a little box recording,False,wer: repeatable deterioration (0 to -5 dB); fact_recovery: repeatable deterioration (0 to -5 dB),/content/drive/MyDrive/DataForge/noise_grid_v2/outputs/05eca3e90a16aae6/clips/critical_07_baseline_r0_speech_2_-5dB.wav,/content/drive/MyDrive/DataForge/noise_grid_v2/outputs/05eca3e90a16aae6/clips/critical_07_baseline_r0_clean.wav,True,True
critical_07,0,speech_2_-5dB,negation,critical_07_baseline_r0_clean,critical_07_baseline_r0_speech_2_-5dB,/content/drive/MyDrive/DataForge/noise_grid_v2/outputs/05eca3e90a16aae6/clips/critical_07_baseline_r0_clean.wav,/content/drive/MyDrive/DataForge/noise_grid_v2/outputs/05eca3e90a16aae6/clips/critical_07_baseline_r0_speech_2_-5dB.wav,"Priya Sen, your Tuesday appointment is at one twenty five p m, your payment of eighty dollars is due by November fifth, and your reference code is two eight four seven. Do not share the address.",pre ascend a machine that flies at 125 by the times dispatch for the 1903 collection code is two eight four seven this is a little box recording,False,wer: repeatable deterioration (0 to -5 dB); fact_recovery: repeatable deterioration (0 to -5 dB),/content/drive/MyDrive/DataForge/noise_grid_v2/outputs/05eca3e90a16aae6/clips/critical_07_baseline_r0_speech_2_-5dB.wav,/content/drive/MyDrive/DataForge/noise_grid_v2/outputs/05eca3e90a16aae6/clips/critical_07_baseline_r0_clean.wav,True,True
critical_06,1,speech_1_-5dB,name,critical_06_baseline_r1_clean,critical_06_baseline_r1_speech_1_-5dB,/content/drive/MyDrive/DataForge/noise_grid_v2/outputs/05eca3e90a16aae6/clips/critical_06_baseline_r1_clean.wav,/content/drive/MyDrive/DataForge/noise_grid_v2/outputs/05eca3e90a16aae6/clips/critical_06_baseline_r1_speech_1_-5dB.wav,"Omar Reed, your Saturday appointment is at eleven fifty a m, your payment of fifty dollars is due by October twelfth, and your reference code is nine three five eight. Do not cancel the delivery.","On my leave, the Saturday appointment is at 11.60 a.m. The receipt of $50 is by October 12th and the reference code is 935. Do not cancel the delivery.",False,wer: repeatable deterioration (0 to -5 dB); fact_recovery: repeatable deterioration (0 to -5 dB),/content/drive/MyDrive/DataForge/noise_grid_v2/outputs/05eca3e90a16aae6/clips/critical_06_baseline_r1_speech_1_-5dB.wav,/content/drive/MyDrive/DataForge/noise_grid_v2/outputs/05eca3e90a16aae6/clips/critical_06_baseline_r1_clean.wav,True,True
critical_06,1,speech_1_-5dB,code,critical_06_baseline_r1_clean,critical_06_baseline_r1_speech_1_-5dB,/content/drive/MyDrive/DataForge/noise_grid_v2/outputs/05eca3e90a16aae6/clips/critical_06_baseline_r1_clean.wav,/content/drive/MyDrive/DataForge/noise_grid_v2/outputs/05eca3e90a16aae6/clips/critical_06_baseline_r1_speech_1_-5dB.wav,"Omar Reed, your Saturday appointment is at eleven fifty a m, your payment of fifty dollars is due by October twelfth, and your reference code is nine three five eight. Do not cancel the delivery.","On my leave, the Saturday appointment is at 11.60 a.m. The receipt of $50 is by October 12th and the reference code is 935. Do not cancel the delivery.",False,wer: repeatable deterioration (0 to -5 dB); fact_recovery: repeatable deterioration (0 to -5 dB),/content/drive/MyDrive/DataForge/noise_grid_v2/outputs/05eca3e90a16aae6/clips/critical_06_baseline_r1_speech_1_-5dB.wav,/content/drive/MyDrive/DataForge/noise_grid_v2/outputs/05eca3e90a16aae6/clips/critical_06_baseline_r1_clean.wav,True,True
critical_06,1,speech_2_-5dB,day,critical_06_baseline_r1_clean,critical_06_baseline_r1_speech_2_-5dB,/content/drive/MyDrive/DataForge/noise_grid_v2/outputs/05eca3e90a16aae6/clips/critical_06_baseline_r1_clean.wav,/content/drive/MyDrive/DataForge/noise_grid_v2/outputs/05eca3e90a16aae6/clips/critical_06_baseline_r1_speech_2_-5dB.wav,"Omar Reed, your Saturday appointment is at eleven fifty a m, your payment of fifty dollars is due by October twelfth, and your reference code is nine three five eight. Do not cancel the delivery.","Omar Reed, your strategy is pointing out that at 11.50 a.m. your payment at $50 is due by October 12th and your reference code is 9358. Do not sample the delivery.",False,wer: repeatable deterioration (0 to -5 dB); fact_recovery: repeatable deterioration (0 to -5 dB),/content/drive/MyDrive/DataForge/noise_grid_v2/outputs/05eca3e90a16aae6/clips/critical_06_baseline_r1_speech_2_-5dB.wav,/content/drive/MyDrive/DataForge/noise_grid_v2/outputs/05eca3e90a16aae6/clips/critical_06_baseline_r1_clean.wav,True,True
critical_06,0,speech_1_-5dB,name,critical_06_baseline_r0_clean,critical_06_baseline_r0_speech_1_-5dB,/content/drive/MyDrive/DataForge/noise_grid_v2/outputs/05eca3e90a16aae6/clips/critical_06_baseline_r0_clean.wav,/content/drive/MyDrive/DataForge/noise_grid_v2/outputs/05eca3e90a16aae6/clips/critical_06_baseline_r0_speech_1_-5dB.wav,"Omar Reed, your Saturday appointment is at eleven fifty a m, your payment of fifty dollars is due by October twelfth, and your reference code is nine three five eight. Do not cancel the delivery.","Omar Li, your Saturday appointment is at 11.50am. The payment of $50 is due by October 12 and your reference code is 935A. Do not cancel the delivery.",False,wer: repeatable deterioration (0 to -5 dB); fact_recovery: repeatable deterioration (0 to -5 dB),/content/drive/MyDrive/DataForge/noise_grid_v2/outputs/05eca3e90a16aae6/clips/critical_06_baseline_r0_speech_1_-5dB.wav,/content/drive/MyDrive/DataForge/noise_grid_v2/outputs/05eca3e90a16aae6/clips/critical_06_baseline_r0_clean.wav,True,True
critical_06,0,speech_1_-5dB,code,critical_06_baseline_r0_clean,critical_06_baseline_r0_speech_1_-5dB,/content/drive/MyDrive/DataForge/noise_grid_v2/outputs/05eca3e90a16aae6/clips/critical_06_baseline_r0_clean.wav,/content/drive/MyDrive/DataForge/noise_grid_v2/outputs/05eca3e90a16aae6/clips/critical_06_baseline_r0_speech_1_-5dB.wav,"Omar Reed, your Saturday appointment is at eleven fifty a m, your payment of fifty dollars is due by October twelfth, and your reference code is nine three five eight. Do not cancel the delivery.","Omar Li, your Saturday appointment is at 11.50am. The payment of $50 is due by October 12 and your reference code is 935A. Do not cancel the delivery.",False,wer: repeatable deterioration (0 to -5 dB); fact_recovery: repeatable deterioration (0 to -5 dB),/content/drive/MyDrive/DataForge/noise_grid_v2/outputs/05eca3e90a16aae6/clips/critical_06_baseline_r0_speech_1_-5dB.wav,/content/drive/MyDrive/DataForge/noise_grid_v2/outputs/05eca3e90a16aae6/clips/critical_06_baseline_r0_clean.wav,True,True
critical_06,0,speech_2_-5dB,day,critical_06_baseline_r0_clean,critical_06_baseline_r0_speech_2_-5dB,/content/drive/MyDrive/DataForge/noise_grid_v2/outputs/05eca3e90a16aae6/clips/critical_06_baseline_r0_clean.wav,/content/drive/MyDrive/DataForge/noise_grid_v2/outputs/05eca3e90a16aae6/clips/critical_06_baseline_r0_speech_2_-5dB.wav,"Omar Reed, your Saturday appointment is at eleven fifty a m, your payment of fifty dollars is due by October twelfth, and your reference code is nine three five eight. Do not cancel the delivery.","Omar Reed, a machine that flies by the Times Dispatch Richmond Virginia for the 1903 collection. Your record code is 9358. Do not cancel the delivery.",False,wer: repeatable deterioration (0 to -5 dB); fact_recovery: repeatable deterioration (0 to -5 dB),/content/drive/MyDrive/DataForge/noise_grid_v2/outputs/05eca3e90a16aae6/clips/critical_06_baseline_r0_speech_2_-5dB.wav,/content/drive/MyDrive/DataForge/noise_grid_v2/outputs/05eca3e90a16aae6/clips/critical_06_baseline_r0_clean.wav,True,True
critical_02,1,speech_1_-5dB,name,critical_02_baseline_r1_clean,critical_02_baseline_r1_speech_1_-5dB,/content/drive/MyDrive/DataForge/noise_grid_v2/outputs/05eca3e90a16aae6/clips/critical_02_baseline_r1_clean.wav,/content/drive/MyDrive/DataForge/noise_grid_v2/outputs/05eca3e90a16aae6/clips/critical_02_baseline_r1_speech_1_-5dB.wav,"Arun Shah, your Wednesday appointment is at ten fifteen a m, your payment of sixty dollars is due by June second, and your reference code is eight one six three. Do not change the address.",Auto shots your Wednesday when you see that 10.15am your payment of $60 is due by June 2nd and your reference code is 816363. Do not change the address.,False,wer: repeatable deterioration (0 to -5 dB); fact_recovery: repeatable deterioration (0 to -5 dB),/content/drive/MyDrive/DataForge/noise_grid_v2/outputs/05eca3e90a16aae6/clips/critical_02_baseline_r1_speech_1_-5dB.wav,/content/drive/MyDrive/DataForge/noise_grid_v2/outputs/05eca3e90a16aae6/clips/critical_02_baseline_r1_clean.wav,True,True
critical_02,1,speech_1_-5dB,code,critical_02_baseline_r1_clean,critical_02_baseline_r1_speech_1_-5dB,/content/drive/MyDrive/DataForge/noise_grid_v2/outputs/05eca3e90a16aae6/clips/critical_02_baseline_r1_clean.wav,/content/drive/MyDrive/DataForge/noise_grid_v2/outputs/05eca3e90a16aae6/clips/critical_02_baseline_r1_speech_1_-5dB.wav,"Arun Shah, your Wednesday appointment is at ten fifteen a m, your payment of sixty dollars is due by June second, and your reference code is eight one six three. Do not change the address.",Auto shots your Wednesday when you see that 10.15am your payment of $60 is due by June 2nd and your reference code is 816363. Do not change the address.,False,wer: repeatable deterioration (0 to -5 dB); fact_recovery: repeatable deterioration (0 to -5 dB),/content/drive/MyDrive/DataForge/noise_grid_v2/outputs/05eca3e90a16aae6/clips/critical_02_baseline_r1_speech_1_-5dB.wav,/content/drive/MyDrive/DataForge/noise_grid_v2/outputs/05eca3e90a16aae6/clips/critical_02_baseline_r1_clean.wav,True,True
critical_02,1,speech_2_-5dB,name,critical_02_baseline_r1_clean,critical_02_baseline_r1_speech_2_-5dB,/content/drive/MyDrive/DataForge/noise_grid_v2/outputs/05eca3e90a16aae6/clips/critical_02_baseline_r1_clean.wav,/content/drive/MyDrive/DataForge/noise_grid_v2/outputs/05eca3e90a16aae6/clips/critical_02_baseline_r1_speech_2_-5dB.wav,"Arun Shah, your Wednesday appointment is at ten fifteen a m, your payment of sixty dollars is due by June second, and your reference code is eight one six three. Do not change the address.","A machine that flies by the Times Dispatch, Richmond, Virginia, for the 1993 collection. This is a LiberVox recording. All LiberVox recordings are in the public domain.",False,wer: repeatable deterioration (0 to -5 dB); fact_recovery: repeatable deterioration (0 to -5 dB),/content/drive/MyDrive/DataForge/noise_grid_v2/outputs/05eca3e90a16aae6/clips/critical_02_baseline_r1_speech_2_-5dB.wav,/content/drive/MyDrive/DataForge/noise_grid_v2/outputs/05eca3e90a16aae6/clips/critical_02_baseline_r1_clean.wav,True,True
critical_02,1,speech_2_-5dB,day,critical_02_baseline_r1_clean,critical_02_baseline_r1_speech_2_-5dB,/content/drive/MyDrive/DataForge/noise_grid_v2/outputs/05eca3e90a16aae6/clips/critical_02_baseline_r1_clean.wav,/content/drive/MyDrive/DataForge/noise_grid_v2/outputs/05eca3e90a16aae6/clips/critical_02_baseline_r1_speech_2_-5dB.wav,"Arun Shah, your Wednesday appointment is at ten fifteen a m, your payment of sixty dollars is due by June second, and your reference code is eight one six three. Do not change the address.","A machine that flies by the Times Dispatch, Richmond, Virginia, for the 1993 collection. This is a LiberVox recording. All LiberVox recordings are in the public domain.",False,wer: repeatable deterioration (0 to -5 dB); fact_recovery: repeatable deterioration (0 to -5 dB),/content/drive/MyDrive/DataForge/noise_grid_v2/outputs/05eca3e90a16aae6/clips/critical_02_baseline_r1_speech_2_-5dB.wav,/content/drive/MyDrive/DataForge/noise_grid_v2/outputs/05eca3e90a16aae6/clips/critical_02_baseline_r1_clean.wav,True,True
critical_02,1,speech_2_-5dB,time,critical_02_baseline_r1_clean,critical_02_baseline_r1_speech_2_-5dB,/content/drive/MyDrive/DataForge/noise_grid_v2/outputs/05eca3e90a16aae6/clips/critical_02_baseline_r1_clean.wav,/content/drive/MyDrive/DataForge/noise_grid_v2/outputs/05eca3e90a16aae6/clips/critical_02_baseline_r1_speech_2_-5dB.wav,"Arun Shah, your Wednesday appointment is at ten fifteen a m, your payment of sixty dollars is due by June second, and your reference code is eight one six three. Do not change the address.","A machine that flies by the Times Dispatch, Richmond, Virginia, for the 1993 collection. This is a LiberVox recording. All LiberVox recordings are in the public domain.",False,wer: repeatable deterioration (0 to -5 dB); fact_recovery: repeatable deterioration (0 to -5 dB),/content/drive/MyDrive/DataForge/noise_grid_v2/outputs/05eca3e90a16aae6/clips/critical_02_baseline_r1_speech_2_-5dB.wav,/content/drive/MyDrive/DataForge/noise_grid_v2/outputs/05eca3e90a16aae6/clips/critical_02_baseline_r1_clean.wav,True,True
critical_02,1,speech_2_-5dB,date,critical_02_baseline_r1_clean,critical_02_baseline_r1_speech_2_-5dB,/content/drive/MyDrive/DataForge/noise_grid_v2/outputs/05eca3e90a16aae6/clips/critical_02_baseline_r1_clean.wav,/content/drive/MyDrive/DataForge/noise_grid_v2/outputs/05eca3e90a16aae6/clips/critical_02_baseline_r1_speech_2_-5dB.wav,"Arun Shah, your Wednesday appointment is at ten fifteen a m, your payment of sixty dollars is due by June second, and your reference code is eight one six three. Do not change the address.","A machine that flies by the Times Dispatch, Richmond, Virginia, for the 1993 collection. This is a LiberVox recording. All LiberVox recordings are in the public domain.",False,wer: repeatable deterioration (0 to -5 dB); fact_recovery: repeatable deterioration (0 to -5 dB),/content/drive/MyDrive/DataForge/noise_grid_v2/outputs/05eca3e90a16aae6/clips/critical_02_baseline_r1_speech_2_-5dB.wav,/content/drive/MyDrive/DataForge/noise_grid_v2/outputs/05eca3e90a16aae6/clips/critical_02_baseline_r1_clean.wav,True,True
critical_02,1,speech_2_-5dB,amount,critical_02_baseline_r1_clean,critical_02_baseline_r1_speech_2_-5dB,/content/drive/MyDrive/DataForge/noise_grid_v2/outputs/05eca3e90a16aae6/clips/critical_02_baseline_r1_clean.wav,/content/drive/MyDrive/DataForge/noise_grid_v2/outputs/05eca3e90a16aae6/clips/critical_02_baseline_r1_speech_2_-5dB.wav,"Arun Shah, your Wednesday appointment is at ten fifteen a m, your payment of sixty dollars is due by June second, and your reference code is eight one six three. Do not change the address.","A machine that flies by the Times Dispatch, Richmond, Virginia, for the 1993 collection. This is a LiberVox recording. All LiberVox recordings are in the public domain.",False,wer: repeatable deterioration (0 to -5 dB); fact_recovery: repeatable deterioration (0 to -5 dB),/content/drive/MyDrive/DataForge/noise_grid_v2/outputs/05eca3e90a16aae6/clips/critical_02_baseline_r1_speech_2_-5dB.wav,/content/drive/MyDrive/DataForge/noise_grid_v2/outputs/05eca3e90a16aae6/clips/critical_02_baseline_r1_clean.wav,True,True
critical_02,1,speech_2_-5dB,code,critical_02_baseline_r1_clean,critical_02_baseline_r1_speech_2_-5dB,/content/drive/MyDrive/DataForge/noise_grid_v2/outputs/05eca3e90a16aae6/clips/critical_02_baseline_r1_clean.wav,/content/drive/MyDrive/DataForge/noise_grid_v2/outputs/05eca3e90a16aae6/clips/critical_02_baseline_r1_speech_2_-5dB.wav,"Arun Shah, your Wednesday appointment is at ten fifteen a m, your payment of sixty dollars is due by June second, and your reference code is eight one six three. Do not change the address.","A machine that flies by the Times Dispatch, Richmond, Virginia, for the 1993 collection. This is a LiberVox recording. All LiberVox recordings are in the public domain.",False,wer: repeatable deterioration (0 to -5 dB); fact_recovery: repeatable deterioration (0 to -5 dB),/content/drive/MyDrive/DataForge/noise_grid_v2/outputs/05eca3e90a16aae6/clips/critical_02_baseline_r1_speech_2_-5dB.wav,/content/drive/MyDrive/DataForge/noise_grid_v2/outputs/05eca3e90a16aae6/clips/critical_02_baseline_r1_clean.wav,True,True
critical_02,1,speech_2_-5dB,negation,critical_02_baseline_r1_clean,critical_02_baseline_r1_speech_2_-5dB,/content/drive/MyDrive/DataForge/noise_grid_v2/outputs/05eca3e90a16aae6/clips/critical_02_baseline_r1_clean.wav,/content/drive/MyDrive/DataForge/noise_grid_v2/outputs/05eca3e90a16aae6/clips/critical_02_baseline_r1_speech_2_-5dB.wav,"Arun Shah, your Wednesday appointment is at ten fifteen a m, your payment of sixty dollars is due by June second, and your reference code is eight one six three. Do not change the address.","A machine that flies by the Times Dispatch, Richmond, Virginia, for the 1993 collection. This is a LiberVox recording. All LiberVox recordings are in the public domain.",False,wer: repeatable deterioration (0 to -5 dB); fact_recovery: repeatable deterioration (0 to -5 dB),/content/drive/MyDrive/DataForge/noise_grid_v2/outputs/05eca3e90a16aae6/clips/critical_02_baseline_r1_speech_2_-5dB.wav,/content/drive/MyDrive/DataForge/noise_grid_v2/outputs/05eca3e90a16aae6/clips/critical_02_baseline_r1_clean.wav,True,True
critical_05,0,speech_2_-5dB,day,critical_05_baseline_r0_clean,critical_05_baseline_r0_speech_2_-5dB,/content/drive/MyDrive/DataForge/noise_grid_v2/outputs/05eca3e90a16aae6/clips/critical_05_baseline_r0_clean.wav,/content/drive/MyDrive/DataForge/noise_grid_v2/outputs/05eca3e90a16aae6/clips/critical_05_baseline_r0_speech_2_-5dB.wav,"Sara Khan, your Thursday appointment is at four ten p m, your payment of ninety dollars is due by September third, and your reference code is six two seven five. Do not change the date.","A machine that flies by the Times Dispatch, Richmond, Virginia, for the 1903 collection. This is a liver box recording.",False,wer: repeatable deterioration (0 to -5 dB); fact_recovery: repeatable deterioration (0 to -5 dB),/content/drive/MyDrive/DataForge/noise_grid_v2/outputs/05eca3e90a16aae6/clips/critical_05_baseline_r0_speech_2_-5dB.wav,/content/drive/MyDrive/DataForge/noise_grid_v2/outputs/05eca3e90a16aae6/clips/critical_05_baseline_r0_clean.wav,True,True
critical_05,0,speech_2_-5dB,date,critical_05_baseline_r0_clean,critical_05_baseline_r0_speech_2_-5dB,/content/drive/MyDrive/DataForge/noise_grid_v2/outputs/05eca3e90a16aae6/clips/critical_05_baseline_r0_clean.wav,/content/drive/MyDrive/DataForge/noise_grid_v2/outputs/05eca3e90a16aae6/clips/critical_05_baseline_r0_speech_2_-5dB.wav,"Sara Khan, your Thursday appointment is at four ten p m, your payment of ninety dollars is due by September third, and your reference code is six two seven five. Do not change the date.","A machine that flies by the Times Dispatch, Richmond, Virginia, for the 1903 collection. This is a liver box recording.",False,wer: repeatable deterioration (0 to -5 dB); fact_recovery: repeatable deterioration (0 to -5 dB),/content/drive/MyDrive/DataForge/noise_grid_v2/outputs/05eca3e90a16aae6/clips/critical_05_baseline_r0_speech_2_-5dB.wav,/content/drive/MyDrive/DataForge/noise_grid_v2/outputs/05eca3e90a16aae6/clips/critical_05_baseline_r0_clean.wav,True,True
critical_05,0,speech_2_-5dB,amount,critical_05_baseline_r0_clean,critical_05_baseline_r0_speech_2_-5dB,/content/drive/MyDrive/DataForge/noise_grid_v2/outputs/05eca3e90a16aae6/clips/critical_05_baseline_r0_clean.wav,/content/drive/MyDrive/DataForge/noise_grid_v2/outputs/05eca3e90a16aae6/clips/critical_05_baseline_r0_speech_2_-5dB.wav,"Sara Khan, your Thursday appointment is at four ten p m, your payment of ninety dollars is due by September third, and your reference code is six two seven five. Do not change the date.","A machine that flies by the Times Dispatch, Richmond, Virginia, for the 1903 collection. This is a liver box recording.",False,wer: repeatable deterioration (0 to -5 dB); fact_recovery: repeatable deterioration (0 to -5 dB),/content/drive/MyDrive/DataForge/noise_grid_v2/outputs/05eca3e90a16aae6/clips/critical_05_baseline_r0_speech_2_-5dB.wav,/content/drive/MyDrive/DataForge/noise_grid_v2/outputs/05eca3e90a16aae6/clips/critical_05_baseline_r0_clean.wav,True,True
critical_05,0,speech_2_-5dB,code,critical_05_baseline_r0_clean,critical_05_baseline_r0_speech_2_-5dB,/content/drive/MyDrive/DataForge/noise_grid_v2/outputs/05eca3e90a16aae6/clips/critical_05_baseline_r0_clean.wav,/content/drive/MyDrive/DataForge/noise_grid_v2/outputs/05eca3e90a16aae6/clips/critical_05_baseline_r0_speech_2_-5dB.wav,"Sara Khan, your Thursday appointment is at four ten p m, your payment of ninety dollars is due by September third, and your reference code is six two seven five. Do not change the date.","A machine that flies by the Times Dispatch, Richmond, Virginia, for the 1903 collection. This is a liver box recording.",False,wer: repeatable deterioration (0 to -5 dB); fact_recovery: repeatable deterioration (0 to -5 dB),/content/drive/MyDrive/DataForge/noise_grid_v2/outputs/05eca3e90a16aae6/clips/critical_05_baseline_r0_speech_2_-5dB.wav,/content/drive/MyDrive/DataForge/noise_grid_v2/outputs/05eca3e90a16aae6/clips/critical_05_baseline_r0_clean.wav,True,True
critical_05,0,speech_2_-5dB,negation,critical_05_baseline_r0_clean,critical_05_baseline_r0_speech_2_-5dB,/content/drive/MyDrive/DataForge/noise_grid_v2/outputs/05eca3e90a16aae6/clips/critical_05_baseline_r0_clean.wav,/content/drive/MyDrive/DataForge/noise_grid_v2/outputs/05eca3e90a16aae6/clips/critical_05_baseline_r0_speech_2_-5dB.wav,"Sara Khan, your Thursday appointment is at four ten p m, your payment of ninety dollars is due by September third, and your reference code is six two seven five. Do not change the date.","A machine that flies by the Times Dispatch, Richmond, Virginia, for the 1903 collection. This is a liver box recording.",False,wer: repeatable deterioration (0 to -5 dB); fact_recovery: repeatable deterioration (0 to -5 dB),/content/drive/MyDrive/DataForge/noise_grid_v2/outputs/05eca3e90a16aae6/clips/critical_05_baseline_r0_speech_2_-5dB.wav,/content/drive/MyDrive/DataForge/noise_grid_v2/outputs/05eca3e90a16aae6/clips/critical_05_baseline_r0_clean.wav,True,True
critical_07,1,speech_2_0dB,day,critical_07_baseline_r1_clean,critical_07_baseline_r1_speech_2_0dB,/content/drive/MyDrive/DataForge/noise_grid_v2/outputs/05eca3e90a16aae6/clips/critical_07_baseline_r1_clean.wav,/content/drive/MyDrive/DataForge/noise_grid_v2/outputs/05eca3e90a16aae6/clips/critical_07_baseline_r1_speech_2_0dB.wav,"Priya Sen, your Tuesday appointment is at one twenty five p m, your payment of eighty dollars is due by November fifth, and your reference code is two eight four seven. Do not share the address.",Prius N. A machine that flies by the Times Dispatch for the 1993 collection. Your payment of $80 is paid by November 5th. And your reference code is 2-8-4-7. Do not share the address.,False,wer: repeatable deterioration (5 to 0 dB),/content/drive/MyDrive/DataForge/noise_grid_v2/outputs/05eca3e90a16aae6/clips/critical_07_baseline_r1_speech_2_0dB.wav,/content/drive/MyDrive/DataForge/noise_grid_v2/outputs/05eca3e90a16aae6/clips/critical_07_baseline_r1_clean.wav,True,True
critical_07,1,speech_2_-5dB,day,critical_07_baseline_r1_clean,critical_07_baseline_r1_speech_2_-5dB,/content/drive/MyDrive/DataForge/noise_grid_v2/outputs/05eca3e90a16aae6/clips/critical_07_baseline_r1_clean.wav,/content/drive/MyDrive/DataForge/noise_grid_v2/outputs/05eca3e90a16aae6/clips/critical_07_baseline_r1_speech_2_-5dB.wav,"Priya Sen, your Tuesday appointment is at one twenty five p m, your payment of eighty dollars is due by November fifth, and your reference code is two eight four seven. Do not share the address.",Prius N a machine that flies at 125 by the Times dispatch For the 1903 collection and your reference code is to this is a little box recording all of the recordings are in the public,False,wer: repeatable deterioration (0 to -5 dB); fact_recovery: repeatable deterioration (0 to -5 dB),/content/drive/MyDrive/DataForge/noise_grid_v2/outputs/05eca3e90a16aae6/clips/critical_07_baseline_r1_speech_2_-5dB.wav,/content/drive/MyDrive/DataForge/noise_grid_v2/outputs/05eca3e90a16aae6/clips/critical_07_baseline_r1_clean.wav,True,True
critical_07,1,speech_2_-5dB,time,critical_07_baseline_r1_clean,critical_07_baseline_r1_speech_2_-5dB,/content/drive/MyDrive/DataForge/noise_grid_v2/outputs/05eca3e90a16aae6/clips/critical_07_baseline_r1_clean.wav,/content/drive/MyDrive/DataForge/noise_grid_v2/outputs/05eca3e90a16aae6/clips/critical_07_baseline_r1_speech_2_-5dB.wav,"Priya Sen, your Tuesday appointment is at one twenty five p m, your payment of eighty dollars is due by November fifth, and your reference code is two eight four seven. Do not share the address.",Prius N a machine that flies at 125 by the Times dispatch For the 1903 collection and your reference code is to this is a little box recording all of the recordings are in the public,False,wer: repeatable deterioration (0 to -5 dB); fact_recovery: repeatable deterioration (0 to -5 dB),/content/drive/MyDrive/DataForge/noise_grid_v2/outputs/05eca3e90a16aae6/clips/critical_07_baseline_r1_speech_2_-5dB.wav,/content/drive/MyDrive/DataForge/noise_grid_v2/outputs/05eca3e90a16aae6/clips/critical_07_baseline_r1_clean.wav,True,True
critical_07,1,speech_2_-5dB,date,critical_07_baseline_r1_clean,critical_07_baseline_r1_speech_2_-5dB,/content/drive/MyDrive/DataForge/noise_grid_v2/outputs/05eca3e90a16aae6/clips/critical_07_baseline_r1_clean.wav,/content/drive/MyDrive/DataForge/noise_grid_v2/outputs/05eca3e90a16aae6/clips/critical_07_baseline_r1_speech_2_-5dB.wav,"Priya Sen, your Tuesday appointment is at one twenty five p m, your payment of eighty dollars is due by November fifth, and your reference code is two eight four seven. Do not share the address.",Prius N a machine that flies at 125 by the Times dispatch For the 1903 collection and your reference code is to this is a little box recording all of the recordings are in the public,False,wer: repeatable deterioration (0 to -5 dB); fact_recovery: repeatable deterioration (0 to -5 dB),/content/drive/MyDrive/DataForge/noise_grid_v2/outputs/05eca3e90a16aae6/clips/critical_07_baseline_r1_speech_2_-5dB.wav,/content/drive/MyDrive/DataForge/noise_grid_v2/outputs/05eca3e90a16aae6/clips/critical_07_baseline_r1_clean.wav,True,True
critical_07,1,speech_2_-5dB,amount,critical_07_baseline_r1_clean,critical_07_baseline_r1_speech_2_-5dB,/content/drive/MyDrive/DataForge/noise_grid_v2/outputs/05eca3e90a16aae6/clips/critical_07_baseline_r1_clean.wav,/content/drive/MyDrive/DataForge/noise_grid_v2/outputs/05eca3e90a16aae6/clips/critical_07_baseline_r1_speech_2_-5dB.wav,"Priya Sen, your Tuesday appointment is at one twenty five p m, your payment of eighty dollars is due by November fifth, and your reference code is two eight four seven. Do not share the address.",Prius N a machine that flies at 125 by the Times dispatch For the 1903 collection and your reference code is to this is a little box recording all of the recordings are in the public,False,wer: repeatable deterioration (0 to -5 dB); fact_recovery: repeatable deterioration (0 to -5 dB),/content/drive/MyDrive/DataForge/noise_grid_v2/outputs/05eca3e90a16aae6/clips/critical_07_baseline_r1_speech_2_-5dB.wav,/content/drive/MyDrive/DataForge/noise_grid_v2/outputs/05eca3e90a16aae6/clips/critical_07_baseline_r1_clean.wav,True,True
critical_07,1,speech_2_-5dB,negation,critical_07_baseline_r1_clean,critical_07_baseline_r1_speech_2_-5dB,/content/drive/MyDrive/DataForge/noise_grid_v2/outputs/05eca3e90a16aae6/clips/critical_07_baseline_r1_clean.wav,/content/drive/MyDrive/DataForge/noise_grid_v2/outputs/05eca3e90a16aae6/clips/critical_07_baseline_r1_speech_2_-5dB.wav,"Priya Sen, your Tuesday appointment is at one twenty five p m, your payment of eighty dollars is due by November fifth, and your reference code is two eight four seven. Do not share the address.",Prius N a machine that flies at 125 by the Times dispatch For the 1903 collection and your reference code is to this is a little box recording all of the recordings are in the public,False,wer: repeatable deterioration (0 to -5 dB); fact_recovery: repeatable deterioration (0 to -5 dB),/content/drive/MyDrive/DataForge/noise_grid_v2/outputs/05eca3e90a16aae6/clips/critical_07_baseline_r1_speech_2_-5dB.wav,/content/drive/MyDrive/DataForge/noise_grid_v2/outputs/05eca3e90a16aae6/clips/critical_07_baseline_r1_clean.wav,True,True
critical_01,0,speech_1_-5dB,name,critical_01_baseline_r0_clean,critical_01_baseline_r0_speech_1_-5dB,/content/drive/MyDrive/DataForge/noise_grid_v2/outputs/05eca3e90a16aae6/clips/critical_01_baseline_r0_clean.wav,/content/drive/MyDrive/DataForge/noise_grid_v2/outputs/05eca3e90a16aae6/clips/critical_01_baseline_r0_speech_1_-5dB.wav,"Mira Patel, your Tuesday appointment is at three thirty p m, your payment of forty five dollars is due by May fourteenth, and your reference code is seven two nine four. Do not cancel the appointment.",Your payment of 45 dollars is due by May 14th and your reference code is set at 29.4. Do not cancel this appointment.,False,wer: repeatable deterioration (0 to -5 dB); fact_recovery: repeatable deterioration (0 to -5 dB),/content/drive/MyDrive/DataForge/noise_grid_v2/outputs/05eca3e90a16aae6/clips/critical_01_baseline_r0_speech_1_-5dB.wav,/content/drive/MyDrive/DataForge/noise_grid_v2/outputs/05eca3e90a16aae6/clips/critical_01_baseline_r0_clean.wav,True,True
critical_01,0,speech_1_-5dB,code,critical_01_baseline_r0_clean,critical_01_baseline_r0_speech_1_-5dB,/content/drive/MyDrive/DataForge/noise_grid_v2/outputs/05eca3e90a16aae6/clips/critical_01_baseline_r0_clean.wav,/content/drive/MyDrive/DataForge/noise_grid_v2/outputs/05eca3e90a16aae6/clips/critical_01_baseline_r0_speech_1_-5dB.wav,"Mira Patel, your Tuesday appointment is at three thirty p m, your payment of forty five dollars is due by May fourteenth, and your reference code is seven two nine four. Do not cancel the appointment.",Your payment of 45 dollars is due by May 14th and your reference code is set at 29.4. Do not cancel this appointment.,False,wer: repeatable deterioration (0 to -5 dB); fact_recovery: repeatable deterioration (0 to -5 dB),/content/drive/MyDrive/DataForge/noise_grid_v2/outputs/05eca3e90a16aae6/clips/critical_01_baseline_r0_speech_1_-5dB.wav,/content/drive/MyDrive/DataForge/noise_grid_v2/outputs/05eca3e90a16aae6/clips/critical_01_baseline_r0_clean.wav,True,True
critical_01,0,speech_2_0dB,day,critical_01_baseline_r0_clean,critical_01_baseline_r0_speech_2_0dB,/content/drive/MyDrive/DataForge/noise_grid_v2/outputs/05eca3e90a16aae6/clips/critical_01_baseline_r0_clean.wav,/content/drive/MyDrive/DataForge/noise_grid_v2/outputs/05eca3e90a16aae6/clips/critical_01_baseline_r0_speech_2_0dB.wav,"Mira Patel, your Tuesday appointment is at three thirty p m, your payment of forty five dollars is due by May fourteenth, and your reference code is seven two nine four. Do not cancel the appointment.","Mira Patel, your monthly appointment is at 3.30pm. Your payment of $45 is due by May 2nd and your reference code is 7294. Do not cancel the appointment.",False,wer: repeatable deterioration (5 to 0 dB),/content/drive/MyDrive/DataForge/noise_grid_v2/outputs/05eca3e90a16aae6/clips/critical_01_baseline_r0_speech_2_0dB.wav,/content/drive/MyDrive/DataForge/noise_grid_v2/outputs/05eca3e90a16aae6/clips/critical_01_baseline_r0_clean.wav,True,True
critical_01,0,speech_2_-5dB,day,critical_01_baseline_r0_clean,critical_01_baseline_r0_speech_2_-5dB,/content/drive/MyDrive/DataForge/noise_grid_v2/outputs/05eca3e90a16aae6/clips/critical_01_baseline_r0_clean.wav,/content/drive/MyDrive/DataForge/noise_grid_v2/outputs/05eca3e90a16aae6/clips/critical_01_baseline_r0_speech_2_-5dB.wav,"Mira Patel, your Tuesday appointment is at three thirty p m, your payment of forty five dollars is due by May fourteenth, and your reference code is seven two nine four. Do not cancel the appointment.","A machine that flies by the Times Dispatch, Britain, Virginia, for the 1903 collection. This is a Liberbox recording.",False,wer: repeatable deterioration (0 to -5 dB); fact_recovery: repeatable deterioration (0 to -5 dB),/content/drive/MyDrive/DataForge/noise_grid_v2/outputs/05eca3e90a16aae6/clips/critical_01_baseline_r0_speech_2_-5dB.wav,/content/drive/MyDrive/DataForge/noise_grid_v2/outputs/05eca3e90a16aae6/clips/critical_01_baseline_r0_clean.wav,True,True
critical_01,0,speech_2_-5dB,date,critical_01_baseline_r0_clean,critical_01_baseline_r0_speech_2_-5dB,/content/drive/MyDrive/DataForge/noise_grid_v2/outputs/05eca3e90a16aae6/clips/critical_01_baseline_r0_clean.wav,/content/drive/MyDrive/DataForge/noise_grid_v2/outputs/05eca3e90a16aae6/clips/critical_01_baseline_r0_speech_2_-5dB.wav,"Mira Patel, your Tuesday appointment is at three thirty p m, your payment of forty five dollars is due by May fourteenth, and your reference code is seven two nine four. Do not cancel the appointment.","A machine that flies by the Times Dispatch, Britain, Virginia, for the 1903 collection. This is a Liberbox recording.",False,wer: repeatable deterioration (0 to -5 dB); fact_recovery: repeatable deterioration (0 to -5 dB),/content/drive/MyDrive/DataForge/noise_grid_v2/outputs/05eca3e90a16aae6/clips/critical_01_baseline_r0_speech_2_-5dB.wav,/content/drive/MyDrive/DataForge/noise_grid_v2/outputs/05eca3e90a16aae6/clips/critical_01_baseline_r0_clean.wav,True,True
critical_01,0,speech_2_-5dB,amount,critical_01_baseline_r0_clean,critical_01_baseline_r0_speech_2_-5dB,/content/drive/MyDrive/DataForge/noise_grid_v2/outputs/05eca3e90a16aae6/clips/critical_01_baseline_r0_clean.wav,/content/drive/MyDrive/DataForge/noise_grid_v2/outputs/05eca3e90a16aae6/clips/critical_01_baseline_r0_speech_2_-5dB.wav,"Mira Patel, your Tuesday appointment is at three thirty p m, your payment of forty five dollars is due by May fourteenth, and your reference code is seven two nine four. Do not cancel the appointment.","A machine that flies by the Times Dispatch, Britain, Virginia, for the 1903 collection. This is a Liberbox recording.",False,wer: repeatable deterioration (0 to -5 dB); fact_recovery: repeatable deterioration (0 to -5 dB),/content/drive/MyDrive/DataForge/noise_grid_v2/outputs/05eca3e90a16aae6/clips/critical_01_baseline_r0_speech_2_-5dB.wav,/content/drive/MyDrive/DataForge/noise_grid_v2/outputs/05eca3e90a16aae6/clips/critical_01_baseline_r0_clean.wav,True,True
critical_01,0,speech_2_-5dB,negation,critical_01_baseline_r0_clean,critical_01_baseline_r0_speech_2_-5dB,/content/drive/MyDrive/DataForge/noise_grid_v2/outputs/05eca3e90a16aae6/clips/critical_01_baseline_r0_clean.wav,/content/drive/MyDrive/DataForge/noise_grid_v2/outputs/05eca3e90a16aae6/clips/critical_01_baseline_r0_speech_2_-5dB.wav,"Mira Patel, your Tuesday appointment is at three thirty p m, your payment of forty five dollars is due by May fourteenth, and your reference code is seven two nine four. Do not cancel the appointment.","A machine that flies by the Times Dispatch, Britain, Virginia, for the 1903 collection. This is a Liberbox recording.",False,wer: repeatable deterioration (0 to -5 dB); fact_recovery: repeatable deterioration (0 to -5 dB),/content/drive/MyDrive/DataForge/noise_grid_v2/outputs/05eca3e90a16aae6/clips/critical_01_baseline_r0_speech_2_-5dB.wav,/content/drive/MyDrive/DataForge/noise_grid_v2/outputs/05eca3e90a16aae6/clips/critical_01_baseline_r0_clean.wav,True,True
critical_04,0,speech_1_-5dB,name,critical_04_baseline_r0_clean,critical_04_baseline_r0_speech_1_-5dB,/content/drive/MyDrive/DataForge/noise_grid_v2/outputs/05eca3e90a16aae6/clips/critical_04_baseline_r0_clean.wav,/content/drive/MyDrive/DataForge/noise_grid_v2/outputs/05eca3e90a16aae6/clips/critical_04_baseline_r0_speech_1_-5dB.wav,"Leo Martin, your Monday appointment is at nine twenty a m, your payment of thirty dollars is due by August sixth, and your reference code is five four eight two. Do not share the code.","Leel Marcus, your Monday appointment is at 9.20am, your payment of $30 is due by August 6th, and your reference code is 540. Do not share the code.",False,wer: repeatable deterioration (0 to -5 dB); fact_recovery: repeatable deterioration (0 to -5 dB),/content/drive/MyDrive/DataForge/noise_grid_v2/outputs/05eca3e90a16aae6/clips/critical_04_baseline_r0_speech_1_-5dB.wav,/content/drive/MyDrive/DataForge/noise_grid_v2/outputs/05eca3e90a16aae6/clips/critical_04_baseline_r0_clean.wav,True,True
critical_04,0,speech_2_-5dB,day,critical_04_baseline_r0_clean,critical_04_baseline_r0_speech_2_-5dB,/content/drive/MyDrive/DataForge/noise_grid_v2/outputs/05eca3e90a16aae6/clips/critical_04_baseline_r0_clean.wav,/content/drive/MyDrive/DataForge/noise_grid_v2/outputs/05eca3e90a16aae6/clips/critical_04_baseline_r0_speech_2_-5dB.wav,"Leo Martin, your Monday appointment is at nine twenty a m, your payment of thirty dollars is due by August sixth, and your reference code is five four eight two. Do not share the code.","...a machine that flies by the Times Dispatch, Richmond, Virginia, for the 1903 collection. This is a limit box accordingly.",False,wer: repeatable deterioration (0 to -5 dB); fact_recovery: repeatable deterioration (0 to -5 dB),/content/drive/MyDrive/DataForge/noise_grid_v2/outputs/05eca3e90a16aae6/clips/critical_04_baseline_r0_speech_2_-5dB.wav,/content/drive/MyDrive/DataForge/noise_grid_v2/outputs/05eca3e90a16aae6/clips/critical_04_baseline_r0_clean.wav,True,True
critical_04,0,speech_2_-5dB,code,critical_04_baseline_r0_clean,critical_04_baseline_r0_speech_2_-5dB,/content/drive/MyDrive/DataForge/noise_grid_v2/outputs/05eca3e90a16aae6/clips/critical_04_baseline_r0_clean.wav,/content/drive/MyDrive/DataForge/noise_grid_v2/outputs/05eca3e90a16aae6/clips/critical_04_baseline_r0_speech_2_-5dB.wav,"Leo Martin, your Monday appointment is at nine twenty a m, your payment of thirty dollars is due by August sixth, and your reference code is five four eight two. Do not share the code.","...a machine that flies by the Times Dispatch, Richmond, Virginia, for the 1903 collection. This is a limit box accordingly.",False,wer: repeatable deterioration (0 to -5 dB); fact_recovery: repeatable deterioration (0 to -5 dB),/content/drive/MyDrive/DataForge/noise_grid_v2/outputs/05eca3e90a16aae6/clips/critical_04_baseline_r0_speech_2_-5dB.wav,/content/drive/MyDrive/DataForge/noise_grid_v2/outputs/05eca3e90a16aae6/clips/critical_04_baseline_r0_clean.wav,True,True
critical_04,1,speech_1_-5dB,name,critical_04_baseline_r1_clean,critical_04_baseline_r1_speech_1_-5dB,/content/drive/MyDrive/DataForge/noise_grid_v2/outputs/05eca3e90a16aae6/clips/critical_04_baseline_r1_clean.wav,/content/drive/MyDrive/DataForge/noise_grid_v2/outputs/05eca3e90a16aae6/clips/critical_04_baseline_r1_speech_1_-5dB.wav,"Leo Martin, your Monday appointment is at nine twenty a m, your payment of thirty dollars is due by August sixth, and your reference code is five four eight two. Do not share the code.",Leopard is the Monday Appointment at 9.20am. Your email is 30 million by August 6 and your reference code is 5482. Do not change the message.,False,wer: repeatable deterioration (0 to -5 dB); fact_recovery: repeatable deterioration (0 to -5 dB),/content/drive/MyDrive/DataForge/noise_grid_v2/outputs/05eca3e90a16aae6/clips/critical_04_baseline_r1_speech_1_-5dB.wav,/content/drive/MyDrive/DataForge/noise_grid_v2/outputs/05eca3e90a16aae6/clips/critical_04_baseline_r1_clean.wav,True,True
critical_04,1,speech_2_-5dB,day,critical_04_baseline_r1_clean,critical_04_baseline_r1_speech_2_-5dB,/content/drive/MyDrive/DataForge/noise_grid_v2/outputs/05eca3e90a16aae6/clips/critical_04_baseline_r1_clean.wav,/content/drive/MyDrive/DataForge/noise_grid_v2/outputs/05eca3e90a16aae6/clips/critical_04_baseline_r1_speech_2_-5dB.wav,"Leo Martin, your Monday appointment is at nine twenty a m, your payment of thirty dollars is due by August sixth, and your reference code is five four eight two. Do not share the code.","Leo Martin, your monthly equipment is at 9.20am, your payment is $30.00 and due by August 6th, and your reference is $5.02. Do not share the code.",False,wer: repeatable deterioration (0 to -5 dB); fact_recovery: repeatable deterioration (0 to -5 dB),/content/drive/MyDrive/DataForge/noise_grid_v2/outputs/05eca3e90a16aae6/clips/critical_04_baseline_r1_speech_2_-5dB.wav,/content/drive/MyDrive/DataForge/noise_grid_v2/outputs/05eca3e90a16aae6/clips/critical_04_baseline_r1_clean.wav,True,True
critical_04,1,speech_2_-5dB,code,critical_04_baseline_r1_clean,critical_04_baseline_r1_speech_2_-5dB,/content/drive/MyDrive/DataForge/noise_grid_v2/outputs/05eca3e90a16aae6/clips/critical_04_baseline_r1_clean.wav,/content/drive/MyDrive/DataForge/noise_grid_v2/outputs/05eca3e90a16aae6/clips/critical_04_baseline_r1_speech_2_-5dB.wav,"Leo Martin, your Monday appointment is at nine twenty a m, your payment of thirty dollars is due by August sixth, and your reference code is five four eight two. Do not share the code.","Leo Martin, your monthly equipment is at 9.20am, your payment is $30.00 and due by August 6th, and your reference is $5.02. Do not share the code.",False,wer: repeatable deterioration (0 to -5 dB); fact_recovery: repeatable deterioration (0 to -5 dB),/content/drive/MyDrive/DataForge/noise_grid_v2/outputs/05eca3e90a16aae6/clips/critical_04_baseline_r1_speech_2_-5dB.wav,/content/drive/MyDrive/DataForge/noise_grid_v2/outputs/05eca3e90a16aae6/clips/critical_04_baseline_r1_clean.wav,True,True
critical_02,0,speech_1_-5dB,name,critical_02_baseline_r0_clean,critical_02_baseline_r0_speech_1_-5dB,/content/drive/MyDrive/DataForge/noise_grid_v2/outputs/05eca3e90a16aae6/clips/critical_02_baseline_r0_clean.wav,/content/drive/MyDrive/DataForge/noise_grid_v2/outputs/05eca3e90a16aae6/clips/critical_02_baseline_r0_speech_1_-5dB.wav,"Arun Shah, your Wednesday appointment is at ten fifteen a m, your payment of sixty dollars is due by June second, and your reference code is eight one six three. Do not change the address.","At the same time, your Wednesday appointment is at 16am, your payment is in 2 seconds, and your record code is at 163. Do not change your account.",False,wer: repeatable deterioration (0 to -5 dB); fact_recovery: repeatable deterioration (0 to -5 dB),/content/drive/MyDrive/DataForge/noise_grid_v2/outputs/05eca3e90a16aae6/clips/critical_02_baseline_r0_speech_1_-5dB.wav,/content/drive/MyDrive/DataForge/noise_grid_v2/outputs/05eca3e90a16aae6/clips/critical_02_baseline_r0_clean.wav,True,True
critical_02,0,speech_1_-5dB,code,critical_02_baseline_r0_clean,critical_02_baseline_r0_speech_1_-5dB,/content/drive/MyDrive/DataForge/noise_grid_v2/outputs/05eca3e90a16aae6/clips/critical_02_baseline_r0_clean.wav,/content/drive/MyDrive/DataForge/noise_grid_v2/outputs/05eca3e90a16aae6/clips/critical_02_baseline_r0_speech_1_-5dB.wav,"Arun Shah, your Wednesday appointment is at ten fifteen a m, your payment of sixty dollars is due by June second, and your reference code is eight one six three. Do not change the address.","At the same time, your Wednesday appointment is at 16am, your payment is in 2 seconds, and your record code is at 163. Do not change your account.",False,wer: repeatable deterioration (0 to -5 dB); fact_recovery: repeatable deterioration (0 to -5 dB),/content/drive/MyDrive/DataForge/noise_grid_v2/outputs/05eca3e90a16aae6/clips/critical_02_baseline_r0_speech_1_-5dB.wav,/content/drive/MyDrive/DataForge/noise_grid_v2/outputs/05eca3e90a16aae6/clips/critical_02_baseline_r0_clean.wav,True,True
critical_02,0,speech_2_-5dB,name,critical_02_baseline_r0_clean,critical_02_baseline_r0_speech_2_-5dB,/content/drive/MyDrive/DataForge/noise_grid_v2/outputs/05eca3e90a16aae6/clips/critical_02_baseline_r0_clean.wav,/content/drive/MyDrive/DataForge/noise_grid_v2/outputs/05eca3e90a16aae6/clips/critical_02_baseline_r0_speech_2_-5dB.wav,"Arun Shah, your Wednesday appointment is at ten fifteen a m, your payment of sixty dollars is due by June second, and your reference code is eight one six three. Do not change the address.","A machine that flies by the Times-Dispatch, Richmond, Virginia, for the 1903 collection. This is a liber-",False,wer: repeatable deterioration (0 to -5 dB); fact_recovery: repeatable deterioration (0 to -5 dB),/content/drive/MyDrive/DataForge/noise_grid_v2/outputs/05eca3e90a16aae6/clips/critical_02_baseline_r0_speech_2_-5dB.wav,/content/drive/MyDrive/DataForge/noise_grid_v2/outputs/05eca3e90a16aae6/clips/critical_02_baseline_r0_clean.wav,True,True
critical_02,0,speech_2_-5dB,day,critical_02_baseline_r0_clean,critical_02_baseline_r0_speech_2_-5dB,/content/drive/MyDrive/DataForge/noise_grid_v2/outputs/05eca3e90a16aae6/clips/critical_02_baseline_r0_clean.wav,/content/drive/MyDrive/DataForge/noise_grid_v2/outputs/05eca3e90a16aae6/clips/critical_02_baseline_r0_speech_2_-5dB.wav,"Arun Shah, your Wednesday appointment is at ten fifteen a m, your payment of sixty dollars is due by June second, and your reference code is eight one six three. Do not change the address.","A machine that flies by the Times-Dispatch, Richmond, Virginia, for the 1903 collection. This is a liber-",False,wer: repeatable deterioration (0 to -5 dB); fact_recovery: repeatable deterioration (0 to -5 dB),/content/drive/MyDrive/DataForge/noise_grid_v2/outputs/05eca3e90a16aae6/clips/critical_02_baseline_r0_speech_2_-5dB.wav,/content/drive/MyDrive/DataForge/noise_grid_v2/outputs/05eca3e90a16aae6/clips/critical_02_baseline_r0_clean.wav,True,True
critical_02,0,speech_2_-5dB,time,critical_02_baseline_r0_clean,critical_02_baseline_r0_speech_2_-5dB,/content/drive/MyDrive/DataForge/noise_grid_v2/outputs/05eca3e90a16aae6/clips/critical_02_baseline_r0_clean.wav,/content/drive/MyDrive/DataForge/noise_grid_v2/outputs/05eca3e90a16aae6/clips/critical_02_baseline_r0_speech_2_-5dB.wav,"Arun Shah, your Wednesday appointment is at ten fifteen a m, your payment of sixty dollars is due by June second, and your reference code is eight one six three. Do not change the address.","A machine that flies by the Times-Dispatch, Richmond, Virginia, for the 1903 collection. This is a liber-",False,wer: repeatable deterioration (0 to -5 dB); fact_recovery: repeatable deterioration (0 to -5 dB),/content/drive/MyDrive/DataForge/noise_grid_v2/outputs/05eca3e90a16aae6/clips/critical_02_baseline_r0_speech_2_-5dB.wav,/content/drive/MyDrive/DataForge/noise_grid_v2/outputs/05eca3e90a16aae6/clips/critical_02_baseline_r0_clean.wav,True,True
critical_02,0,speech_2_-5dB,date,critical_02_baseline_r0_clean,critical_02_baseline_r0_speech_2_-5dB,/content/drive/MyDrive/DataForge/noise_grid_v2/outputs/05eca3e90a16aae6/clips/critical_02_baseline_r0_clean.wav,/content/drive/MyDrive/DataForge/noise_grid_v2/outputs/05eca3e90a16aae6/clips/critical_02_baseline_r0_speech_2_-5dB.wav,"Arun Shah, your Wednesday appointment is at ten fifteen a m, your payment of sixty dollars is due by June second, and your reference code is eight one six three. Do not change the address.","A machine that flies by the Times-Dispatch, Richmond, Virginia, for the 1903 collection. This is a liber-",False,wer: repeatable deterioration (0 to -5 dB); fact_recovery: repeatable deterioration (0 to -5 dB),/content/drive/MyDrive/DataForge/noise_grid_v2/outputs/05eca3e90a16aae6/clips/critical_02_baseline_r0_speech_2_-5dB.wav,/content/drive/MyDrive/DataForge/noise_grid_v2/outputs/05eca3e90a16aae6/clips/critical_02_baseline_r0_clean.wav,True,True
critical_02,0,speech_2_-5dB,amount,critical_02_baseline_r0_clean,critical_02_baseline_r0_speech_2_-5dB,/content/drive/MyDrive/DataForge/noise_grid_v2/outputs/05eca3e90a16aae6/clips/critical_02_baseline_r0_clean.wav,/content/drive/MyDrive/DataForge/noise_grid_v2/outputs/05eca3e90a16aae6/clips/critical_02_baseline_r0_speech_2_-5dB.wav,"Arun Shah, your Wednesday appointment is at ten fifteen a m, your payment of sixty dollars is due by June second, and your reference code is eight one six three. Do not change the address.","A machine that flies by the Times-Dispatch, Richmond, Virginia, for the 1903 collection. This is a liber-",False,wer: repeatable deterioration (0 to -5 dB); fact_recovery: repeatable deterioration (0 to -5 dB),/content/drive/MyDrive/DataForge/noise_grid_v2/outputs/05eca3e90a16aae6/clips/critical_02_baseline_r0_speech_2_-5dB.wav,/content/drive/MyDrive/DataForge/noise_grid_v2/outputs/05eca3e90a16aae6/clips/critical_02_baseline_r0_clean.wav,True,True
critical_02,0,speech_2_-5dB,code,critical_02_baseline_r0_clean,critical_02_baseline_r0_speech_2_-5dB,/content/drive/MyDrive/DataForge/noise_grid_v2/outputs/05eca3e90a16aae6/clips/critical_02_baseline_r0_clean.wav,/content/drive/MyDrive/DataForge/noise_grid_v2/outputs/05eca3e90a16aae6/clips/critical_02_baseline_r0_speech_2_-5dB.wav,"Arun Shah, your Wednesday appointment is at ten fifteen a m, your payment of sixty dollars is due by June second, and your reference code is eight one six three. Do not change the address.","A machine that flies by the Times-Dispatch, Richmond, Virginia, for the 1903 collection. This is a liber-",False,wer: repeatable deterioration (0 to -5 dB); fact_recovery: repeatable deterioration (0 to -5 dB),/content/drive/MyDrive/DataForge/noise_grid_v2/outputs/05eca3e90a16aae6/clips/critical_02_baseline_r0_speech_2_-5dB.wav,/content/drive/MyDrive/DataForge/noise_grid_v2/outputs/05eca3e90a16aae6/clips/critical_02_baseline_r0_clean.wav,True,True
critical_02,0,speech_2_-5dB,negation,critical_02_baseline_r0_clean,critical_02_baseline_r0_speech_2_-5dB,/content/drive/MyDrive/DataForge/noise_grid_v2/outputs/05eca3e90a16aae6/clips/critical_02_baseline_r0_clean.wav,/content/drive/MyDrive/DataForge/noise_grid_v2/outputs/05eca3e90a16aae6/clips/critical_02_baseline_r0_speech_2_-5dB.wav,"Arun Shah, your Wednesday appointment is at ten fifteen a m, your payment of sixty dollars is due by June second, and your reference code is eight one six three. Do not change the address.","A machine that flies by the Times-Dispatch, Richmond, Virginia, for the 1903 collection. This is a liber-",False,wer: repeatable deterioration (0 to -5 dB); fact_recovery: repeatable deterioration (0 to -5 dB),/content/drive/MyDrive/DataForge/noise_grid_v2/outputs/05eca3e90a16aae6/clips/critical_02_baseline_r0_speech_2_-5dB.wav,/content/drive/MyDrive/DataForge/noise_grid_v2/outputs/05eca3e90a16aae6/clips/critical_02_baseline_r0_clean.wav,True,True
critical_03,0,speech_1_-5dB,name,critical_03_baseline_r0_clean,critical_03_baseline_r0_speech_1_-5dB,/content/drive/MyDrive/DataForge/noise_grid_v2/outputs/05eca3e90a16aae6/clips/critical_03_baseline_r0_clean.wav,/content/drive/MyDrive/DataForge/noise_grid_v2/outputs/05eca3e90a16aae6/clips/critical_03_baseline_r0_speech_1_-5dB.wav,"Nora Chen, your Friday appointment is at two forty five p m, your payment of seventy five dollars is due by July ninth, and your reference code is three nine two six. Do not cancel the booking.","North China, your Friday appointment is at 2.45pm, your payment at $75 is due by July 9th, and your reference code is 3926. Do not handle the question.",False,wer: repeatable deterioration (0 to -5 dB); fact_recovery: repeatable deterioration (0 to -5 dB),/content/drive/MyDrive/DataForge/noise_grid_v2/outputs/05eca3e90a16aae6/clips/critical_03_baseline_r0_speech_1_-5dB.wav,/content/drive/MyDrive/DataForge/noise_grid_v2/outputs/05eca3e90a16aae6/clips/critical_03_baseline_r0_clean.wav,True,True
critical_03,0,speech_2_-5dB,name,critical_03_baseline_r0_clean,critical_03_baseline_r0_speech_2_-5dB,/content/drive/MyDrive/DataForge/noise_grid_v2/outputs/05eca3e90a16aae6/clips/critical_03_baseline_r0_clean.wav,/content/drive/MyDrive/DataForge/noise_grid_v2/outputs/05eca3e90a16aae6/clips/critical_03_baseline_r0_speech_2_-5dB.wav,"Nora Chen, your Friday appointment is at two forty five p m, your payment of seventy five dollars is due by July ninth, and your reference code is three nine two six. Do not cancel the booking.","a machine that flies by the Times Dispatch, Richmond, Virginia, for the 1903 collection. This is a liber-",False,wer: repeatable deterioration (0 to -5 dB); fact_recovery: repeatable deterioration (0 to -5 dB),/content/drive/MyDrive/DataForge/noise_grid_v2/outputs/05eca3e90a16aae6/clips/critical_03_baseline_r0_speech_2_-5dB.wav,/content/drive/MyDrive/DataForge/noise_grid_v2/outputs/05eca3e90a16aae6/clips/critical_03_baseline_r0_clean.wav,True,True
critical_03,0,speech_2_-5dB,day,critical_03_baseline_r0_clean,critical_03_baseline_r0_speech_2_-5dB,/content/drive/MyDrive/DataForge/noise_grid_v2/outputs/05eca3e90a16aae6/clips/critical_03_baseline_r0_clean.wav,/content/drive/MyDrive/DataForge/noise_grid_v2/outputs/05eca3e90a16aae6/clips/critical_03_baseline_r0_speech_2_-5dB.wav,"Nora Chen, your Friday appointment is at two forty five p m, your payment of seventy five dollars is due by July ninth, and your reference code is three nine two six. Do not cancel the booking.","a machine that flies by the Times Dispatch, Richmond, Virginia, for the 1903 collection. This is a liber-",False,wer: repeatable deterioration (0 to -5 dB); fact_recovery: repeatable deterioration (0 to -5 dB),/content/drive/MyDrive/DataForge/noise_grid_v2/outputs/05eca3e90a16aae6/clips/critical_03_baseline_r0_speech_2_-5dB.wav,/content/drive/MyDrive/DataForge/noise_grid_v2/outputs/05eca3e90a16aae6/clips/critical_03_baseline_r0_clean.wav,True,True
critical_03,0,speech_2_-5dB,time,critical_03_baseline_r0_clean,critical_03_baseline_r0_speech_2_-5dB,/content/drive/MyDrive/DataForge/noise_grid_v2/outputs/05eca3e90a16aae6/clips/critical_03_baseline_r0_clean.wav,/content/drive/MyDrive/DataForge/noise_grid_v2/outputs/05eca3e90a16aae6/clips/critical_03_baseline_r0_speech_2_-5dB.wav,"Nora Chen, your Friday appointment is at two forty five p m, your payment of seventy five dollars is due by July ninth, and your reference code is three nine two six. Do not cancel the booking.","a machine that flies by the Times Dispatch, Richmond, Virginia, for the 1903 collection. This is a liber-",False,wer: repeatable deterioration (0 to -5 dB); fact_recovery: repeatable deterioration (0 to -5 dB),/content/drive/MyDrive/DataForge/noise_grid_v2/outputs/05eca3e90a16aae6/clips/critical_03_baseline_r0_speech_2_-5dB.wav,/content/drive/MyDrive/DataForge/noise_grid_v2/outputs/05eca3e90a16aae6/clips/critical_03_baseline_r0_clean.wav,True,True
critical_03,0,speech_2_-5dB,date,critical_03_baseline_r0_clean,critical_03_baseline_r0_speech_2_-5dB,/content/drive/MyDrive/DataForge/noise_grid_v2/outputs/05eca3e90a16aae6/clips/critical_03_baseline_r0_clean.wav,/content/drive/MyDrive/DataForge/noise_grid_v2/outputs/05eca3e90a16aae6/clips/critical_03_baseline_r0_speech_2_-5dB.wav,"Nora Chen, your Friday appointment is at two forty five p m, your payment of seventy five dollars is due by July ninth, and your reference code is three nine two six. Do not cancel the booking.","a machine that flies by the Times Dispatch, Richmond, Virginia, for the 1903 collection. This is a liber-",False,wer: repeatable deterioration (0 to -5 dB); fact_recovery: repeatable deterioration (0 to -5 dB),/content/drive/MyDrive/DataForge/noise_grid_v2/outputs/05eca3e90a16aae6/clips/critical_03_baseline_r0_speech_2_-5dB.wav,/content/drive/MyDrive/DataForge/noise_grid_v2/outputs/05eca3e90a16aae6/clips/critical_03_baseline_r0_clean.wav,True,True
critical_03,0,speech_2_-5dB,amount,critical_03_baseline_r0_clean,critical_03_baseline_r0_speech_2_-5dB,/content/drive/MyDrive/DataForge/noise_grid_v2/outputs/05eca3e90a16aae6/clips/critical_03_baseline_r0_clean.wav,/content/drive/MyDrive/DataForge/noise_grid_v2/outputs/05eca3e90a16aae6/clips/critical_03_baseline_r0_speech_2_-5dB.wav,"Nora Chen, your Friday appointment is at two forty five p m, your payment of seventy five dollars is due by July ninth, and your reference code is three nine two six. Do not cancel the booking.","a machine that flies by the Times Dispatch, Richmond, Virginia, for the 1903 collection. This is a liber-",False,wer: repeatable deterioration (0 to -5 dB); fact_recovery: repeatable deterioration (0 to -5 dB),/content/drive/MyDrive/DataForge/noise_grid_v2/outputs/05eca3e90a16aae6/clips/critical_03_baseline_r0_speech_2_-5dB.wav,/content/drive/MyDrive/DataForge/noise_grid_v2/outputs/05eca3e90a16aae6/clips/critical_03_baseline_r0_clean.wav,True,True
critical_03,0,speech_2_-5dB,code,critical_03_baseline_r0_clean,critical_03_baseline_r0_speech_2_-5dB,/content/drive/MyDrive/DataForge/noise_grid_v2/outputs/05eca3e90a16aae6/clips/critical_03_baseline_r0_clean.wav,/content/drive/MyDrive/DataForge/noise_grid_v2/outputs/05eca3e90a16aae6/clips/critical_03_baseline_r0_speech_2_-5dB.wav,"Nora Chen, your Friday appointment is at two forty five p m, your payment of seventy five dollars is due by July ninth, and your reference code is three nine two six. Do not cancel the booking.","a machine that flies by the Times Dispatch, Richmond, Virginia, for the 1903 collection. This is a liber-",False,wer: repeatable deterioration (0 to -5 dB); fact_recovery: repeatable deterioration (0 to -5 dB),/content/drive/MyDrive/DataForge/noise_grid_v2/outputs/05eca3e90a16aae6/clips/critical_03_baseline_r0_speech_2_-5dB.wav,/content/drive/MyDrive/DataForge/noise_grid_v2/outputs/05eca3e90a16aae6/clips/critical_03_baseline_r0_clean.wav,True,True
critical_03,0,speech_2_-5dB,negation,critical_03_baseline_r0_clean,critical_03_baseline_r0_speech_2_-5dB,/content/drive/MyDrive/DataForge/noise_grid_v2/outputs/05eca3e90a16aae6/clips/critical_03_baseline_r0_clean.wav,/content/drive/MyDrive/DataForge/noise_grid_v2/outputs/05eca3e90a16aae6/clips/critical_03_baseline_r0_speech_2_-5dB.wav,"Nora Chen, your Friday appointment is at two forty five p m, your payment of seventy five dollars is due by July ninth, and your reference code is three nine two six. Do not cancel the booking.","a machine that flies by the Times Dispatch, Richmond, Virginia, for the 1903 collection. This is a liber-",False,wer: repeatable deterioration (0 to -5 dB); fact_recovery: repeatable deterioration (0 to -5 dB),/content/drive/MyDrive/DataForge/noise_grid_v2/outputs/05eca3e90a16aae6/clips/critical_03_baseline_r0_speech_2_-5dB.wav,/content/drive/MyDrive/DataForge/noise_grid_v2/outputs/05eca3e90a16aae6/clips/critical_03_baseline_r0_clean.wav,True,True
